id,name,host_id,host_name,neighbourhood_group,neighbourhood,latitude,longitude,room_type,price,minimum_nights,number_of_reviews,last_review,reviews_per_month,ListingCount,availability_365
12699603,Large Urban Oasis close to beach!,69028974,Christine,,East Boston,42.38366040503235,-71.00026054426053,Entire home/apt,225,2,3,2016-10-23,0.18,1,0
18575841,(12) great room,68367007,Euphy,,East Boston,42.38632820221261,-71.00493125989428,Private room,50,1,28,2017-09-20,6,8,40
20870095,Spacious Private Room Near Airport/Subway,26709330,Zack,,East Boston,42.37993216604652,-71.037700477369,Private room,70,1,14,2017-10-04,14,1,158
1178162,Private Room Great Location Boston,1407005,Izzy & Joanne,,East Boston,42.37779633749723,-71.0346663308644,Private room,100,1,329,2017-09-20,6.17,4,77
20660605,Private bedroom next to greenway.,28859971,Carmen,,East Boston,42.370115412759304,-71.03223867693835,Private room,80,1,3,2017-09-29,3,1,157
5534206,Luxurious Room For Getaways,26476398,EB Housing,,East Boston,42.37661116703254,-71.02935011824522,Private room,80,1,2,2017-10-03,0.06,1,346
4638356,East Boston Room,24014785,Andrey And Olya,,East Boston,42.37741166466541,-71.0357871689478,Private room,84,1,71,2017-10-05,4.35,1,352
13820571,Only 7 minutes to downtown Boston.,81414368,Olena,,East Boston,42.36699755646484,-71.03594264556271,Private room,78,1,62,2017-10-03,4.13,1,162
20697709,SWEET HOME,148143697,Adriana,,East Boston,42.36874630298875,-71.03699669317206,Private room,80,1,0,,,1,59
4107959,Priv/Stylish btwn Dwntwn & Airport,10136526,Paul,,East Boston,42.369491803833704,-71.03659328264263,Private room,119,1,88,2017-09-25,2.97,2,94
4868653,Private room in single family house,4472902,Ernesto,,East Boston,42.380713684394586,-71.03300607586363,Private room,99,2,13,2017-06-28,0.43,1,361
15990488,"All New Renovation, Just for YOU - private room #1",91480383,Yasmina And Elizabeth,,East Boston,42.37094579235114,-71.03435334219968,Private room,70,2,66,2017-08-29,6.62,2,93
21173342,Cozy apartment by Down Town Boston,41738077,Salih,,East Boston,42.36991850241296,-71.04113595109433,Private room,95,1,0,,,1,354
11498523,❤️ AIRBNB HOTEL #3,25938928,Ricardo,,East Boston,42.366636911575284,-71.03884285263116,Private room,30,1,125,2017-09-21,6.48,9,122
14824568,On The Mystic - Queen Master - Near Airport,34539998,Christopher,,East Boston,42.38171107679271,-71.0408659353063,Private room,98,1,53,2017-09-17,4.11,1,172
20479416,Shelly's Place 2,139072570,Lance And Shelly,,East Boston,42.38022893360955,-71.02232454898284,Private room,44,1,1,2017-08-23,0.67,2,273
11866869,Vibrant East Boston Apartment,15349238,Vitaly,,East Boston,42.37234908234539,-71.04158968904288,Private room,70,3,1,2016-03-28,0.05,1,0
13594886,Modern Guest Room near Airport + Downtown,5997103,Andrea And Tivan,,East Boston,42.368497631824305,-71.03370610351725,Private room,104,1,178,2017-10-04,11.61,2,60
17218847,Boston Harbor-Waterfront- Master Bed-Attached Bath,25360918,Rohit,,East Boston,42.37492057652617,-71.04042522456473,Private room,120,1,17,2017-05-01,2.97,1,0
5616179,Beautiful brownstone great location,24361937,Carolyn,,East Boston,42.366959663083335,-71.03277789031864,Private room,110,2,54,2017-08-21,1.78,2,269
17611122,❤️ AIRBNB HOTEL #8,25938928,Ricardo,,East Boston,42.367581304884254,-71.03965809687747,Private room,30,1,60,2017-09-20,8.53,9,114
12580274,Perfect for your E Boston layover,41542719,Ivan,,East Boston,42.37664360636608,-71.03147888791709,Private room,57,1,59,2017-04-29,3.47,3,279
13908638,E1 - Spacious Room at T stop 5 mins to Logan,28820575,S.P,,East Boston,42.36952991188522,-71.03515085321243,Private room,80,1,149,2017-08-28,10.11,14,0
13874533,MiniStudio w/Parking Close to Dwntn,45993690,Daniel,,East Boston,42.375658664017465,-71.03266072695862,Entire home/apt,129,2,80,2017-09-17,5.56,2,338
15281436,Charming Oasis Near Downtown & Airport,5618949,Alan,,East Boston,42.37838774886793,-71.03250600095379,Entire home/apt,149,2,15,2017-09-04,1.96,8,355
1458081,"Beautiful 4BD/2BA Gem! Near airport, city, subway!",1431134,Bruno,,East Boston,42.371116609738905,-71.03339768539294,Entire home/apt,127,1,74,2017-10-05,3.92,1,20
14216418,A Business or Family Express (Logan Airport),28820575,S.P,,East Boston,42.369208141850805,-71.03677094221133,Entire home/apt,175,2,1,2016-08-10,0.07,14,0
8859689,Spacious Boston 2 BR Apt near train and airport #3,44617326,Caroline,,East Boston,42.37574654762358,-71.02989413558957,Entire home/apt,250,1,37,2017-08-02,1.63,3,341
20216776,"(22) Close to Beach, Cute room",68367007,Euphy,,East Boston,42.38826983786817,-71.00745083966159,Private room,60,1,13,2017-09-21,6.39,8,47
19019422,"#1 Cozy private room near airport, downtown Boston",66665179,Zhenwei,,East Boston,42.389404963029754,-71.00780402953434,Private room,49,2,3,2017-07-31,0.76,5,0
14564883,Charming  apartment,90216774,Yana,,East Boston,42.382428339922434,-71.03155467471967,Entire home/apt,129,1,6,2017-09-20,0.79,5,335
4614037,BOSTON 2 BED TOP FLOOR  by Logan airport & Train,9073339,Elisangela,,East Boston,42.37911397378514,-71.03406034222971,Entire home/apt,250,1,76,2017-10-01,2.62,2,218
20217062,"(24) Near Airport, Boston, beach",68367007,Euphy,,East Boston,42.38822506061218,-71.00903643888354,Private room,60,1,9,2017-09-20,4.91,8,41
20216964,"(23) Near to beach, Cozy room",68367007,Euphy,,East Boston,42.38793851736522,-71.00872135304532,Private room,60,1,6,2017-10-02,3.46,8,51
15052939,Cosy couch available 5 min away from Airport,95139475,Ben,,East Boston,42.38262721797556,-71.02010012608106,Shared room,70,1,0,,,1,0
16427608,1 bdrm minutes from Logan. Business travel ready.,102149802,Cynthia,,East Boston,42.38977244945219,-71.00618210560536,Entire home/apt,129,3,13,2017-09-29,2.17,1,129
21009527,"Huge Multilevel Brownstone 2 Bed, 2 Bath Apartment",50474139,Kat,,East Boston,42.36682171715664,-71.03956147201033,Entire home/apt,200,1,1,2017-09-25,1,4,44
9531326,"Sunny, Clean & Cute 1BD Near Aiport",1229497,Laura,,East Boston,42.38982827376568,-71.00519179830751,Entire home/apt,72,4,0,,,1,0
16690490,Private apartment near the airport and T,54892519,Matt,,East Boston,42.373996892556505,-71.03998292329578,Entire home/apt,130,2,13,2017-09-03,1.47,1,0
19102778,[F]River side great house,68367007,Euphy,,East Boston,42.370186928603395,-71.04156952613637,Entire home/apt,280,1,4,2017-08-01,1.02,8,3
19672185,3rd Floor Efficiency Perfect for City Explorers,16284736,Jordan,,East Boston,42.37479572809723,-71.03404083589552,Entire home/apt,127,1,28,2017-10-01,9.66,5,7
20148844,Newly furnished 2BR near airport w/ parking,45993690,Daniel,,East Boston,42.37741243984287,-71.03283719446632,Entire home/apt,109,2,12,2017-09-27,5.9,2,343
18612312,Great location in Boston,129278480,Jay,,East Boston,42.390509003893364,-71.00330983078693,Private room,50,5,0,,,4,40
14072256,E2 - Steps from Maverick Sq & Minutes from Logan,28820575,S.P,,East Boston,42.36947992644604,-71.03625960701709,Private room,80,1,145,2017-08-29,10.09,14,0
7880828,"Cozy Room near Logan Airport ,T",41542719,Ivan,,East Boston,42.37747087336046,-71.03033847489726,Private room,67,1,176,2017-10-03,6.77,3,344
11695285,Spacious 2Bdrm - Near Airport/Dntwn,14604394,Kate,,East Boston,42.37505927010074,-71.03432593425556,Entire home/apt,195,2,29,2017-09-23,1.55,1,16
8252058,"Two Bedroom apartment, East Boston",42838239,Nury,,East Boston,42.37208004957014,-71.03198308642574,Private room,78,1,225,2017-10-03,8.91,1,324
18755420,Sunny 2/1 Apt near subway. Great View,29383890,Alfonzo,,East Boston,42.36576915592613,-71.03720773406661,Entire home/apt,200,1,32,2017-08-27,7.8,1,111
12560987,3 Bedroom Condo by Subway & Harbor (60W3),3594203,Shawn,,East Boston,42.367126796179946,-71.03780591604058,Entire home/apt,99,1,72,2017-09-17,4.24,13,332
12233285,❤️ AIRBNB HOTEL #7,25938928,Ricardo,,East Boston,42.366928373912366,-71.04017264115883,Private room,30,1,114,2017-09-08,6.29,9,116
17448181,Spacious Modern 1 Bedroom/Kitchen,118102837,Rachel,,East Boston,42.37630477745902,-71.03269103341302,Entire home/apt,149,1,31,2017-09-25,4.45,1,335
20282569,Comfortable Room Close to Logan Airport & Subway,14890925,Natalia,,East Boston,42.36590291559295,-71.03662392845972,Private room,0,1,3,2017-09-28,2.5,1,270
3966772,Minutes to Boston-Near Beach 69-5,20551003,May,,East Boston,42.38484392857956,-71.00450782599401,Private room,58,1,31,2017-09-13,4.33,8,81
21134436,Cozy (front) Convenient Private bedroom by Airport,1114868,Charles,,East Boston,42.38074542911168,-71.02769909573601,Private room,62,1,0,,,4,48
16071749,"Cosy place, good for budget travelers",100430827,Zahid,,East Boston,42.37950235528923,-71.03213729552579,Private room,98,1,11,2017-06-14,1.05,1,362
11618815,East Boston waterfront with parking,61523768,James,,East Boston,42.366296044800386,-71.03800818271141,Private room,105,1,52,2017-09-25,2.83,1,298
19102654,(20) Near Airport and downtown,68367007,Euphy,,East Boston,42.371988750348216,-71.04268015549886,Private room,80,1,22,2017-09-10,5.45,8,3
17333101,Queen Bed/8 min walk Airport/Easy Access Downtown,117041226,Nader,,East Boston,42.36548970188512,-71.0300912212372,Private room,60,1,36,2017-10-02,5.32,5,51
19315157,Modern Comfort w/City View Near Airport & Downtown,74019501,Adam,,East Boston,42.3761781063241,-71.0330235057392,Private room,99,1,44,2017-10-03,12.57,1,335
18626944,East Boston - Private deck & perfect subway access,6953578,Ross,,East Boston,42.37583692530064,-71.03496414658696,Entire home/apt,100,3,21,2017-09-23,4.41,1,57
19593585,Charming bedroom close to downtown,42300377,Enzo,,East Boston,42.36847714871694,-71.03763471378885,Private room,75,1,9,2017-09-08,3.1,2,307
15857974,Cozy Apartment near Boston Airport,14685544,Susie & Mike,,East Boston,42.37946785947551,-71.02180520688951,Entire home/apt,120,1,66,2017-10-03,6.04,2,181
20886482,Boston Business Bungalow,146901798,Taylor,,East Boston,42.39037126800939,-71.00325582256002,Private room,125,1,3,2017-10-03,3,1,182
1178106,Cozy Room in Great Location Boston,1407005,Izzy & Joanne,,East Boston,42.37668853175393,-71.03428152050826,Private room,99,1,354,2017-09-19,6.65,4,79
16186033,One bedroom apartment near subway and airport,4095682,Steven,,East Boston,42.378062893887666,-71.03261199919977,Entire home/apt,75,3,0,,,1,0
20624939,East Boston One Bedroom Gem,50474139,Kat,,East Boston,42.36674035671497,-71.03786529734101,Entire home/apt,154,1,6,2017-10-03,6,4,64
10056496,Nice 4 bedrooms apartment,51354463,Andy,,East Boston,42.38953063489859,-71.00585742777379,Entire home/apt,250,2,39,2016-10-16,1.82,2,35
19102527,(19) Close to river side,68367007,Euphy,,East Boston,42.37160396092355,-71.04125078923099,Private room,60,1,20,2017-09-25,5.41,8,9
15071413,☆FABULOUS CONDO☆ minutes from downtown!,90606566,Rhiannon,,East Boston,42.36544399637144,-71.03184838888096,Entire home/apt,60,2,37,2017-10-02,2.94,3,153
19019981,"#3 Cozy private room near airport, downtown Boston",66665179,Zhenwei,,East Boston,42.39024754426362,-71.00897734368988,Private room,75,1,3,2017-06-30,0.86,5,0
19019919,"#2 Cozy private room near airport, downtown Boston",66665179,Zhenwei,,East Boston,42.38978813841651,-71.0073434665138,Private room,75,1,0,,,5,0
13908031,Modern Bedroom Near Airport + City,5997103,Andrea And Tivan,,East Boston,42.368600546948386,-71.03378639739479,Private room,115,2,45,2017-09-17,3,2,0
20871742,"Steps from Train, 7 min to downtown",17445484,Olsi,,East Boston,42.381173274203015,-71.0185825580895,Private room,65,1,0,,,1,0
11334091,Family-Friendly,55324394,Imelda,,East Boston,42.38080839671258,-71.03744226099319,Private room,75,1,54,2017-09-26,2.79,1,35
14168664,Classy 2 Bedrooms Apartment near Boston Airport,14685544,Susie & Mike,,East Boston,42.379418904421,-71.02152947940547,Entire home/apt,150,1,79,2017-09-27,5.51,2,124
19199379,Boston 3 bed  By Logan airport & train 2nd Floor,9073339,Elisangela,,East Boston,42.37768926296869,-71.03468224327777,Entire home/apt,250,1,26,2017-10-03,7.5,2,322
11498416,❤️ AIRBNB HOTEL #2,25938928,Ricardo,,East Boston,42.36777208310531,-71.03788730903814,Private room,30,1,130,2017-09-19,6.76,9,115
9711934,Only 7 minutes to downtown Boston,31375710,Olga,,East Boston,42.36740937325516,-71.0368160823019,Private room,79,1,95,2017-09-11,4.48,1,267
11498583,❤️ AIRBNB HOTEL #4,25938928,Ricardo,,East Boston,42.366149161371006,-71.03943971265693,Private room,30,1,135,2017-09-21,7.06,9,106
18609417,"Entire Home Near Beach, Airport, & Downtown",40384329,Mattye,,East Boston,42.3805919872716,-71.01567931506996,Entire home/apt,250,2,1,2017-05-14,0.21,2,100
6614984,Cozy/Stylish btwn Dwntwn & Airport,10136526,Paul,,East Boston,42.36948972206257,-71.03601135073212,Entire home/apt,129,1,46,2017-09-17,1.72,2,29
16150461,Newly Renovated Boston Apartment,84158814,Erik,,East Boston,42.38246613006334,-71.03188180059855,Entire home/apt,200,4,6,2017-08-11,1.73,1,51
19951522,☆ COZY | CONVENIENT Room in Modern Condo,90606566,Rhiannon,,East Boston,42.38378919217302,-71.01669876682931,Private room,50,21,0,,,3,72
11398953,Newly Renovated 3 Bedroom By Subway (60W2),3594203,Shawn,,East Boston,42.36798435376804,-71.03780897548134,Entire home/apt,99,1,50,2017-09-14,2.82,13,337
20933869,Cozy Room/12min walk Airport/Easy Access Downtown,117041226,Nader,,East Boston,42.36590905394416,-71.03607651491781,Private room,69,1,0,,,5,70
1141522,"5min to Downtown Boston, walk to T",1407005,Izzy & Joanne,,East Boston,42.37751972317198,-71.03418118024709,Private room,115,1,353,2017-09-19,6.6,4,80
15494066,Single-family house between Downtown & Airport,28839396,Zach,,East Boston,42.3664316005384,-71.03724286807666,Entire home/apt,220,2,9,2017-09-17,1.05,2,203
18508677,"Near to airport / downtown!
Private room and bath",96240572,Esther,,East Boston,42.372611902514265,-71.03463111263234,Private room,65,1,51,2017-09-27,9.94,2,146
7809904,Amazing view near Airport/Downtown,7956208,Ana,,East Boston,42.37005129551506,-71.04169710988216,Entire home/apt,120,1,59,2017-09-28,2.28,1,53
7678756,Gorgeous and Renovated Condo,25716111,Eric,,East Boston,42.37990035098189,-71.02960254011091,Entire home/apt,95,5,6,2017-05-22,0.25,1,0
19344027,Boston's best guests and hosts. New renovations.,135526680,Estera,,East Boston,42.37831351668867,-71.03815460421976,Entire home/apt,94,3,19,2017-09-28,5.7,1,52
15018607,CUTE 1 BEDROOM IN EAST BOSTON CLOSE TO AIRPORT,94792025,Cloe,,East Boston,42.36990184965975,-71.03772578899583,Entire home/apt,120,1,102,2017-10-02,7.93,1,306
9382898,"Private bedroom and Bathroom, Incredible Views",48677395,Andrew,,East Boston,42.37914284623583,-71.03956381332605,Private room,70,1,143,2017-09-27,7.02,1,323
15166391,"Perfect to Explore Boston
Private room/shared bath",96240572,Esther,,East Boston,42.37223962198836,-71.0351629745052,Private room,65,1,129,2017-09-29,10.69,2,141
2828803,Quiet & Charming Space,14471319,Lyndsay,,East Boston,42.37921949662193,-71.03329818314215,Entire home/apt,300,3,104,2017-04-18,2.66,1,336
18613633,Boston Airport/Subway,129278480,Jay,,East Boston,42.38848349661191,-71.0021227970042,Private room,50,5,1,2017-05-27,0.23,4,60
16148992,Cozy & Modern 1 Bed/1 Bath apt one block to subway,96804419,Doug,,East Boston,42.36861399655005,-71.03764261124627,Entire home/apt,127,2,24,2017-08-25,3.46,1,0
12233043,❤️ AIRBNB HOTEL #5,25938928,Ricardo,,East Boston,42.3683615395747,-71.03918341824999,Private room,30,1,136,2017-09-21,7.47,9,112
20499955,Private bedroom with an office,90216774,Yana,,East Boston,42.38229984310822,-71.02742412245493,Private room,64,2,1,2017-09-05,0.94,5,340
14936017,☆SPECTACULAR CONDO☆ minutes from downtown!,90606566,Rhiannon,,East Boston,42.36804467912674,-71.03820293759568,Entire home/apt,60,2,56,2017-09-27,4.33,3,58
19458014,Huge entire 3 bedrooms unit near airport& downtown,107338026,Xiao,,East Boston,42.388040291877594,-71.00887556584011,Entire home/apt,249,1,5,2017-08-30,1.47,1,0
5990808,City and Harbor views,10545148,Perla,,East Boston,42.36479683265739,-71.03031285214159,Entire home/apt,189,2,81,2017-08-20,2.78,1,0
11593592,Luxury Private Room with Organic Breakfast,40117482,Lana,,East Boston,42.3663865447592,-71.0332830858718,Private room,98,1,69,2016-09-27,3.94,1,0
20227983,[ H ] Great house near Downtown/Airport,68367007,Euphy,,East Boston,42.38965277321622,-71.00798461900729,Entire home/apt,260,1,0,,,8,12
13100828,Spacious 1bdr on the water,8739837,Ada,,East Boston,42.3691365107799,-71.04094378362562,Entire home/apt,125,1,22,2017-09-24,1.34,1,1
15524772,EA2 - Downtown Boston Cozy Spot mins from Logan,28820575,S.P,,East Boston,42.370407233754655,-71.03532329299784,Private room,60,1,91,2017-10-01,8.35,14,47
19310183,Awesome Family Spot  |  One Stop to Downtown!,18275791,Rob,,East Boston,42.36595169780142,-71.0318023818728,Entire home/apt,225,2,3,2017-08-09,1.08,1,5
14083611,E5 Post/PreFlight Relaxation,28820575,S.P,,East Boston,42.36800728987766,-71.03531795953359,Private room,80,1,156,2017-08-29,10.68,14,0
1042420,2 BR home easy access Airport and T,5715872,Joan And Charlotte,,East Boston,42.38362468405895,-71.02023225706048,Entire home/apt,160,2,70,2017-10-01,1.35,1,347
2778656,2bdrm Condo Near Train and Airport,14211557,Joshua,,East Boston,42.375106871980606,-71.03371266035359,Entire home/apt,100,5,10,2016-04-19,0.24,1,0
15525369,EA3 East Boston Easy Access,28820575,S.P,,East Boston,42.37231393704598,-71.03722648147313,Private room,60,1,47,2017-07-29,4.29,14,38
15525301,EC1 Comfy Spot Boston near Greenway,28820575,S.P,,East Boston,42.3709801584499,-71.03659927770424,Private room,80,1,87,2017-10-05,7.96,14,37
15525488,EC2 Small Office Near Airport & Greenway,28820575,S.P,,East Boston,42.372350968864644,-71.03524811862982,Private room,65,1,78,2017-09-27,7.24,14,45
20055667,Newly Renovated Private Bedroom Close to  Airport,15943555,Monya,,East Boston,42.3799335318874,-71.04061521815876,Private room,100,2,7,2017-09-28,3.62,3,68
2441095,Economical 2 Bedroom Condo Near Subway (88B),3594203,Shawn,,East Boston,42.38016341693651,-71.03585165649712,Entire home/apt,99,1,108,2017-09-14,2.51,13,350
20915446,Nice room near Airport and Downtown with Breakfast,73779661,Alexandr,,East Boston,42.365214667530196,-71.03648156263567,Private room,75,1,3,2017-10-01,3,4,125
15525006,EB3 Lovely Room near Greenway,28820575,S.P,,East Boston,42.372377679501106,-71.0363887315524,Private room,80,1,67,2017-09-28,6.28,14,44
18892243,★ Perfect For Big Groups | Near Subway + Downtown★,69587,Boris & Susan,,East Boston,42.37452273395079,-71.03780127795278,Entire home/apt,449,1,1,2017-09-15,1,5,219
10233104,❤️ AIRBNB HOTEL #1,25938928,Ricardo,,East Boston,42.36796442486891,-71.04085338561889,Private room,30,1,126,2017-09-20,6.51,9,116
17359540,Queen Suite/8min walk Airport/Easy Access Downtown,117041226,Nader,,East Boston,42.36566869450894,-71.03126431555592,Private room,90,1,91,2017-10-02,12.19,5,56
118905,Lotus (Luxury apartment),434539,Brahma,,East Boston,42.37932676415325,-71.03376093729794,Entire home/apt,115,7,18,2017-06-17,0.24,3,160
14918032,Luxurious and Spacious 2 BR Apt near train #1,44617326,Caroline,,East Boston,42.3770514059524,-71.0311886562327,Entire home/apt,359,1,16,2017-09-03,1.24,3,324
15524846,EB2 Comfy Spot East of Boston,28820575,S.P,,East Boston,42.370591146919516,-71.03518004773662,Private room,65,1,80,2017-07-29,7.43,14,0
3615760,Cozy apartment in ideal location,17000652,Richard,,East Boston,42.36735646665322,-71.03920033268635,Entire home/apt,89,1,119,2017-09-29,3.17,2,179
20783972,Charming large bedroom in Boston,14131690,Linda,,East Boston,42.36922842469526,-71.03710833861362,Private room,79,1,2,2017-09-15,1.82,2,143
18342707,★Clean | Cozy Bedroom - Close to Subway & Airport★,69587,Boris & Susan,,East Boston,42.37586000594762,-71.0371977133106,Private room,60,1,55,2017-10-03,10.51,5,153
13394184,East Boston Student Sublet $800/month,60246341,Seamus,,East Boston,42.36925900670464,-71.03613369483693,Private room,30,1,0,,,1,0
14065905,Best views in Boston - convenient to airport!,22088967,Jesse,,East Boston,42.36377440244673,-71.03009289205507,Entire home/apt,169,2,4,2017-08-20,0.27,2,62
17611434,❤️ AIRBNB HOTEL #9,25938928,Ricardo,,East Boston,42.366437031819736,-71.03838138989302,Private room,30,1,52,2017-09-18,7.46,9,116
14574647,"Spacious 4BR Near Airport, Subway, Beach + City",76660961,Annie,,East Boston,42.37961622626794,-71.02883622028128,Entire home/apt,200,1,29,2017-09-28,4.29,2,342
9273,"Stay at ""HARBORVIEW"" Walk to subway",4804,Frank,,East Boston,42.364608041638235,-71.02902055720352,Entire home/apt,225,3,14,2016-10-23,0.16,2,310
12345890,"Big 2 bedrooms near logan airport, downtown Boston",66665179,Zhenwei,,East Boston,42.388415645787795,-71.00760247928058,Entire home/apt,199,1,5,2017-08-28,0.94,5,0
19056046,Private room in convenient location.,123016732,Molly,,East Boston,42.39043717872241,-71.00983499944743,Private room,65,1,38,2017-09-30,9.58,1,157
17359335,Queen Room/8 min walk Airport/Easy Access Downtown,117041226,Nader,,East Boston,42.367105084350655,-71.03022863329778,Private room,60,1,108,2017-09-29,14.27,5,62
21176767,Logan Intl Airport - Boston,129278480,Jay,,East Boston,42.38903147571557,-71.00176943508964,Private room,40,7,0,,,4,293
14072546,E3 - Comfortable Room - Minutes to Logan,28820575,S.P,,East Boston,42.36919461060086,-71.03607045492096,Private room,73,1,168,2017-08-30,11.45,14,0
20268369,Large Private Bedroom Close to Airport,15943555,Monya,,East Boston,42.37821570520223,-71.03922742772693,Private room,0,3,2,2017-09-28,2,3,43
15343566,"Cozy Place in East Boston, close to Airport",16959054,Jillian,,East Boston,42.37145385920949,-71.0329494188071,Private room,100,1,50,2017-10-02,4.14,1,307
21023440,East Boston's Sweet Retreat #1,151404938,Rachael And Robert,,East Boston,42.37366597240988,-71.03598872570774,Private room,67,1,0,,,2,90
15536111,Room near Airport and Downtown with Breakfast,73779661,Alexandr,,East Boston,42.36655494618108,-71.03706022547668,Private room,75,1,140,2017-09-30,12.03,4,122
21176268,Big newly renovated 3 bedroom condo in East Boston,16352753,Carmen,,East Boston,42.37807780358588,-71.03866166140098,Entire home/apt,300,1,0,,,1,0
18488956,Newly Renovated Harborside Charmer - Near Airport,34536517,Jess,,East Boston,42.36444533731181,-71.03234201686942,Entire home/apt,150,1,41,2017-10-05,13.67,1,183
8134231,"2 bed, great location w/parking!",93916,Francine,,East Boston,42.37441280859101,-71.03399091110118,Entire home/apt,300,1,3,2016-09-19,0.12,2,9
13393418,*Spacious 1 Bedroom near Boston Airport/T/Downtown,76181684,Baljinder,,East Boston,42.37775680004031,-71.03474222341573,Entire home/apt,150,1,182,2017-10-03,12.38,1,329
238846,Blossom,434539,Brahma,,East Boston,42.38066057619219,-71.03503978822827,Entire home/apt,100,7,16,2017-09-21,0.22,3,29
16276965,"All New Renovation, Just for YOU - private room #2",91480383,Yasmina And Elizabeth,,East Boston,42.36982331811084,-71.03438390444968,Private room,70,2,58,2017-08-29,6,2,95
15719599,Sunny Room near Airport and Downtown w/Breakfast,73779661,Alexandr,,East Boston,42.365092070659216,-71.03646062294615,Private room,80,1,125,2017-09-25,11.03,4,146
13884549,Cozy private room conveniently located,12129722,Lais,,East Boston,42.366649609172754,-71.0378679479571,Private room,70,1,150,2017-10-05,10.07,1,234
17636554,"The Greenhouse, near Airport & Downtown",117334693,Madeleine,,East Boston,42.36671994515474,-71.03735668995144,Private room,60,2,22,2017-09-22,3.93,2,89
10411383,Spacious Boston 2 BR Apt near train and airport #2,44617326,Caroline,,East Boston,42.376947355304885,-71.03023023664814,Entire home/apt,250,1,11,2017-08-23,0.63,3,343
19209066,Boston Airport-Subway,129278480,Jay,,East Boston,42.38990669370264,-71.00154803438578,Private room,50,5,0,,,4,314
21011302,Stunning 1BR apartment with amazing sky line view,109554089,Chris,,East Boston,42.3695082364444,-71.0364991816953,Entire home/apt,86,1,1,2017-10-03,1,1,147
8624898,no-frills 3BR steps to airport & train,16284736,Jordan,,East Boston,42.375742670698116,-71.03180237149311,Entire home/apt,150,1,165,2017-09-18,6.79,5,114
18093265,Sweet and Cozy!,33844110,Julianna,,East Boston,42.37489945721503,-71.03301105100702,Private room,60,1,12,2017-07-09,2.08,1,0
7035556,Harborside Abode Next 2 Logan Airport/Train/Boston,15589117,Linda & Theresa,,East Boston,42.36382706230058,-71.02930344469218,Entire home/apt,150,2,28,2017-08-06,1.03,1,163
15374913,Bright Modern Home - Near Airport,51812879,Audrey,,East Boston,42.37693617954413,-71.03382776949017,Entire home/apt,229,1,109,2017-08-27,9.13,1,0
14522917,#2 New Modern 3BD Near Airport and 'T' to Downtown,75634340,Chris,,East Boston,42.378221376577315,-71.03031214548693,Entire home/apt,140,1,137,2017-09-26,9.88,2,303
10132073,Extended stays,51992629,Jef,,East Boston,42.37045480727794,-71.04025850654962,Entire home/apt,160,3,13,2017-07-18,0.84,1,348
5364137,**Studio by Airport and T Station**,23777641,Gavin,,East Boston,42.386187112481814,-71.00461976225016,Entire home/apt,70,21,67,2017-08-31,2.16,3,21
8231382,*** Sunny apartment *** near Airport & Train stop,23777641,Gavin,,East Boston,42.37671712966943,-71.03655030183927,Entire home/apt,99,3,80,2017-09-27,3.5,3,9
19798391,"Coming To Boston? Double Bedroom, On Boston Harbor",139698601,Jim,,East Boston,42.384351971205966,-71.00046158748073,Private room,75,1,27,2017-09-14,9.76,3,2
20710408,"Private 2+ bedroom brand new, close to airport T",148125025,Caroline,,East Boston,42.37303163414551,-71.03317808109685,Entire home/apt,257,1,0,,,3,170
5940866,"Sun filled room, minutes to Boston",12720679,Valerie,,East Boston,42.37619320490426,-71.0335403484729,Private room,75,2,213,2017-10-01,7.19,1,130
17365333,Private room near Airport and Downtown,117334693,Madeleine,,East Boston,42.36621370456226,-71.03608898548549,Private room,59,3,44,2017-09-21,6.29,2,100
10524612,Sunny 2/1 Modern Condo Near Subway (60W1),3594203,Shawn,,East Boston,42.3699654059797,-71.03987489674748,Entire home/apt,99,1,52,2017-09-16,2.6,13,324
13883902,1 bedroom apt close to EVERYTHING.,82187703,Mo,,East Boston,42.36890208726047,-71.03646555168768,Entire home/apt,125,2,20,2017-09-19,1.37,1,193
20666793,Cozy bedroom,90216774,Yana,,East Boston,42.38060936255258,-71.02706338034587,Private room,0,1,4,2017-09-18,4,5,336
14178758,Serene Eastie Retreat,18932946,Theresa,,East Boston,42.37199623859463,-71.03800736078841,Private room,85,1,71,2017-10-03,4.87,1,7
17962927,"Sunny Bedroom near Beach, Airport, & Downtown",40384329,Mattye,,East Boston,42.38194854614918,-71.0143815849323,Private room,100,1,36,2017-10-04,6.14,2,145
20518688,Cozy (back) Convenient Private bedroom by Airport,1114868,Charles,,East Boston,42.38080548451987,-71.02819988811154,Private room,72,1,10,2017-09-28,7.32,4,102
15500230,Entire apartment in East Boston,43052087,Susanne,,East Boston,42.37972785996995,-71.03424235514053,Entire home/apt,115,2,61,2017-09-28,6.56,1,19
20175220,2BD/2Bath Penthouse with city views& private deck,37785773,Blerina,,East Boston,42.3740063026886,-71.03680021451514,Entire home/apt,180,1,15,2017-10-04,6.92,2,106
20650166,Huge Multilevel Boston Brownstone 1 Bed Apartment,50474139,Kat,,East Boston,42.367003619212824,-71.03936291679265,Entire home/apt,110,1,5,2017-10-03,5,4,44
15524898,EA1 - Spacious Boston Room Near Logan,28820575,S.P,,East Boston,42.37092187337277,-71.03532871040765,Private room,70,1,94,2017-10-01,8.6,14,37
20174317,Great bedroom in East Boston shared apartment!,96026179,Jenny,,East Boston,42.375945417941374,-71.03866230683944,Private room,100,3,3,2017-09-18,2.73,1,152
5478135,City living near the beach!,13595892,Elizabeth,,East Boston,42.383637057783716,-71.00009991969033,Entire home/apt,195,2,27,2016-11-13,1.51,1,0
19071875,Big newly renovated 3 bedroom condo in East Boston,15943555,Monya,,East Boston,42.380251367549604,-71.03972979453067,Entire home/apt,300,1,6,2017-10-01,2.17,3,0
11625336,One stop from downtown Boston!,31308810,Carrie,,East Boston,42.36538453831597,-71.03093507428083,Entire home/apt,350,3,1,2016-03-23,0.05,1,0
13046976,Sunny renovated 1 bed in friendly East Boston,507084,Nicole,,East Boston,42.37913076332394,-71.03982748413877,Entire home/apt,140,2,37,2017-08-10,2.24,1,0
8688811,Perfect private bedroom in Boston,34486727,Santosh,,East Boston,42.36654985390881,-71.03375636014691,Private room,60,1,26,2017-09-01,3.9,1,215
7033732,Quaint studio in East Boston,5256414,Hayley,,East Boston,42.36709820439286,-71.03334924268675,Entire home/apt,110,2,118,2017-09-18,4.29,1,6
18560282,Modern Studio Apartment Near Airport & City,128851394,Mary-Ann,,East Boston,42.375104724696726,-71.03733607177341,Entire home/apt,122,1,11,2017-10-03,11,1,145
18342681,"★Modern, Cozy & Convenient ★ 14 Mins to Downtown!",69587,Boris & Susan,,East Boston,42.37496736613988,-71.03751260073288,Private room,60,1,79,2017-09-29,15.1,5,153
20589237,Lovely and Cozy 1 Bedroom Apartment,21703278,Juan C.,,East Boston,42.37876959355033,-71.03155132809478,Entire home/apt,119,2,4,2017-09-28,4,1,0
16286570,#3 Classic 3BD Near Airport and 'T' to Downtown,75634340,Chris,,East Boston,42.37837425621412,-71.03090537985992,Entire home/apt,95,1,110,2017-09-24,11.04,2,274
20567199,Spacious and Quiet Bedroom near Airport,81856069,Alejandro,,East Boston,42.36523874003314,-71.03154844148557,Private room,80,1,9,2017-09-13,6,1,14
16503419,Bright Spacious Entire Apartment 2 Bedroom,4539384,Jing,,East Boston,42.37679694067822,-71.03682710253564,Entire home/apt,130,2,1,2017-09-16,1,1,5
15520235,Turn of the Century Restored Brownstone,99761039,Sarah,,East Boston,42.37928625307253,-71.03871152356722,Entire home/apt,200,2,6,2017-05-20,0.52,1,143
12308927,"1 Cozy Room 3mins walk to Train, 7mins to Airport",66377071,Hector,,East Boston,42.36692052511178,-71.038285286748,Private room,44,1,109,2017-09-29,7.09,2,36
14881574,Great location for a great stay!,93308470,Carlie,,East Boston,42.37812106450039,-71.03213349294828,Private room,96,1,20,2017-07-16,1.65,1,179
12891323,Cozy apartment in great location,17000652,Richard,,East Boston,42.37049926804039,-71.03556083866216,Private room,85,1,4,2016-07-20,0.26,2,329
611081,Houseboat in Boston Harbor,3029783,Deborah,,East Boston,42.38167016379894,-71.03991829438495,Entire home/apt,175,2,11,2017-09-17,0.85,3,306
20599193,Concierge Place 3 Bed on Princeton with views,1114868,Charles,,East Boston,42.3796465328425,-71.02792069165814,Entire home/apt,199,2,0,,,4,2
20861300,"Bay Views, Eastie 3 Bedroom, Walk to Blue Line",139698601,Jim,,East Boston,42.383759265574994,-71.00139925944188,Entire home/apt,175,1,0,,,3,170
8212817,Unmatched view of Boston with a Tempurpedic bed,42144668,Dan,,East Boston,42.370518786696884,-71.04113517621236,Private room,97,8,1,2015-09-18,0.04,1,125
8065282,"Save $$, walk to airport & train",16284736,Jordan,,East Boston,42.374965748226955,-71.03336978152277,Entire home/apt,150,1,161,2017-09-29,6.41,5,236
3965658,Minutes to Boston-Near Beach 69-3,20551003,May,,East Boston,42.38661954201025,-71.00325497012263,Private room,54,1,21,2017-09-06,3.23,8,79
21024550,East Boston's Sweet Retreat #2,151404938,Rachael And Robert,,East Boston,42.37372318819691,-71.03556106106578,Private room,67,1,0,,,2,90
3781,HARBORSIDE-Walk to subway,4804,Frank,,East Boston,42.36524120736776,-71.02936148859783,Entire home/apt,125,3,13,2017-09-15,0.48,2,212
17387160,Bright 2 bedroom condo with outdoor patio!,12218191,Kelly,,East Boston,42.36698554324048,-71.03505503562785,Entire home/apt,200,1,9,2017-09-24,3.25,1,121
19587539,DECENT AND GREAT PLACE FOR YOUNG AND COOL  GUYS.,137682344,Patrick,,East Boston,42.36768100490867,-71.0374435731262,Private room,64,1,0,,,1,0
13995462,"City living next to water, airport and T.",83584819,Tiffany,,East Boston,42.36455375175067,-71.02886066028167,Entire home/apt,150,2,0,,,1,0
16895403,Spacious Private Room between Downtown & Airport,28839396,Zach,,East Boston,42.36716113758831,-71.03775987872223,Private room,200,1,3,2017-09-26,0.75,2,355
21171599,Sunny private room steps from the train!,101407131,Lauren,,East Boston,42.388250446607806,-71.00574428525941,Private room,50,1,1,2017-10-03,1,1,345
15535385,Cozy Room near Airport and Downtown with Breakfast,73779661,Alexandr,,East Boston,42.36437139815949,-71.03495571647046,Private room,90,1,160,2017-10-01,13.64,4,140
12646288,1 bedroom in Minimalist Cozy Apartment,15393686,Helene,,East Boston,42.36970192328482,-71.03228300444948,Private room,105,2,6,2017-08-28,0.47,1,20
18290558,★ Charming & Modern | Close to Subway + Downtown ★,69587,Boris & Susan,,East Boston,42.37653942494904,-71.03772381390773,Private room,60,1,64,2017-10-03,12.31,5,139
4820071,"1BD+PARKING, amazing location!",93916,Francine,,East Boston,42.374169231104524,-71.03424002515276,Private room,110,1,264,2017-09-26,7.85,2,112
20663729,Cozy (mid) Convenient Private bedroom by Airport,1114868,Charles,,East Boston,42.379482523264834,-71.02784858561941,Private room,62,1,8,2017-09-28,6.86,4,156
21171163,East Boston House - Private Floor 2br/1ba,152834246,Jan,,East Boston,42.369085495476696,-71.03924922815975,Private room,210,1,0,,,1,62
9145242,Nice room steps to Airport & Subway,41542719,Ivan,,East Boston,42.376297621939,-71.03298865772636,Private room,72,1,136,2017-10-05,5.85,3,349
20696002,Private 3 bed near airport T unit 1 new renovation,148125025,Caroline,,East Boston,42.37056494357567,-71.03941521316594,Entire home/apt,257,1,0,,,3,139
20663083,Huge Multilevel Brownstone 3Bed/3Bath Apartment,50474139,Kat,,East Boston,42.368410858712885,-71.03745012593411,Entire home/apt,475,1,0,,,4,44
3967690,Minutes to Boston-Near Beach 71-5,20551003,May,,East Boston,42.38614824798639,-71.0032742471381,Private room,58,1,36,2017-09-20,5.17,8,78
16173765,Best Location in East Boston,18142992,Jesse,,East Boston,42.371259629893665,-71.0357030153274,Private room,150,1,0,,,3,363
3967592,Minutes to Boston-Near Beach 71-3,20551003,May,,East Boston,42.38640697624945,-71.00308402842224,Private room,52,2,4,2017-09-18,0.95,8,76
15026535,"3. NEW Condo, with a VIEW! Downtown 6 stops away!",94865294,Tony,,East Boston,42.38536128729763,-71.00659818744667,Entire home/apt,170,2,2,2017-07-10,0.18,2,308
7179321,Private bedroom,37610133,Natalie,,East Boston,42.372024246520944,-71.03702725776347,Private room,70,4,14,2017-09-24,2.01,1,0
19892423,Sunsets on the Tobin,35482917,Jessica,,East Boston,42.38170040136044,-71.04116357097855,Private room,100,1,0,,,1,2
10356880,Lovely&convenient room by airport!,41565478,Luz,,East Boston,42.36422865818504,-71.02934771217218,Private room,85,1,88,2017-10-02,4.6,1,147
14262627,Sunny room/private bath/harbor view,22088967,Jesse,,East Boston,42.364069204368406,-71.02896740549902,Private room,105,1,107,2017-10-04,7.43,2,150
3967016,Minutes to Boston-Near Beach 71-1,20551003,May,,East Boston,42.385996188540126,-71.004018274089,Private room,58,1,22,2017-09-18,2.8,8,74
16179346,"xlLarge, Clean, Comfortable, 5-6 stop to Downtown",94865294,Tony,,East Boston,42.383440992459015,-70.99916563044324,Entire home/apt,800,2,0,,,2,285
18942329,Rustic & Renovated 3BR Steps to Airport & Subway,16284736,Jordan,,East Boston,42.37377990831121,-71.03215148093373,Entire home/apt,165,1,40,2017-09-27,9.09,5,150
15352809,EB1 Private Room Near T in Boston,28820575,S.P,,East Boston,42.37069729291616,-71.03522323212506,Private room,80,1,69,2017-10-01,6.35,14,41
7482338,Room - 15 min to Downtown - Breakfast Included!,37882842,Joe And Patty,,East Boston,42.376154021517515,-71.0381974177387,Private room,79,2,61,2017-09-27,2.28,1,48
9751520,1 BR Apt Close to Airport/Train,50297998,Tyler,,East Boston,42.36582858260108,-71.03528527440521,Entire home/apt,70,5,2,2016-01-14,0.09,1,0
15025907,"2 bedroom apt. w/minifridge, microwave, coffee/tea",17152,Anne,,East Boston,42.364867805050814,-71.02991866277547,Entire home/apt,95,2,67,2017-09-30,5.86,1,161
9897713,Warm 1 Bedroom Near Airport,5275817,Leah,,East Boston,42.38023267162577,-71.02894337477359,Entire home/apt,110,1,5,2017-05-16,0.24,1,7
19121881,Huge entire 3 bedrooms unit near airport& downtown,66665179,Zhenwei,,East Boston,42.388906356636035,-71.00874024749838,Entire home/apt,249,1,1,2017-06-25,0.29,5,0
20432569,Eagle Street Condo,35551499,Amanda,,East Boston,42.38250400674231,-71.03295354578675,Entire home/apt,128,2,2,2017-09-04,1.11,1,12
17974950,"★ Sunny, Spacious & Modern ★ Great For Couples ★",69587,Boris & Susan,,East Boston,42.37659764049595,-71.03634243558432,Private room,60,1,68,2017-10-01,13.16,5,147
3966626,Minutes to Boston-Near Beach 69-4,20551003,May,,East Boston,42.38663851004992,-71.00258504808154,Private room,48,1,23,2017-09-10,3.99,8,77
15405175,Fully Renovated 1 bedroom near Airport,98610252,Kyle,,East Boston,42.38101403573829,-71.03064571432427,Entire home/apt,140,1,37,2017-10-02,3.23,1,3
19727919,Shelly's Place,139072570,Lance And Shelly,,East Boston,42.38087504527375,-71.02383677220482,Private room,100,1,25,2017-10-04,9.74,2,142
3802530,Modern Condo 2.6 miles from Airport,18752830,Sergei,,East Boston,42.38736001166394,-71.01041901965802,Entire home/apt,110,5,12,2017-04-20,0.31,1,0
182049,Herbivorian House SkyRama ,434539,Brahma,,East Boston,42.37979971680247,-71.0332513579009,Entire home/apt,110,5,35,2017-09-16,0.47,3,157
16352510,Well Appointed 1 Bedroom w/Private Patio,74812753,Roberto & Monique,,East Boston,42.37926762139975,-71.03198780075132,Entire home/apt,100,2,23,2017-10-02,3.3,1,138
21021423,Beautiful private bedroom in historic brownstone,24361937,Carolyn,,East Boston,42.36676598041125,-71.03449084013735,Private room,110,2,0,,,2,3
18858706,Shabby-Chíc Condo Steps to Airport & Subway,16284736,Jordan,,East Boston,42.373979970954565,-71.03305588192404,Entire home/apt,181,1,46,2017-09-28,10.38,5,152
20710110,Private 4 bedroom apartment close to airport T,148125025,Caroline,,East Boston,42.374512882839184,-71.0347137593631,Entire home/apt,257,1,0,,,3,124
18613760,"Bright & Cozy 1 Bedroom, Close to Subway & Airport",22011993,Josh,,East Boston,42.37697973189227,-71.03353452843795,Entire home/apt,75,2,7,2017-07-16,1.51,1,0
14075290,E4 Traveler's Cove near Logan Airport,28820575,S.P,,East Boston,42.36833507222235,-71.0360339760448,Private room,80,1,148,2017-08-26,10.11,14,0
16188028,A Room for You in Boston,24953830,Lulu,,East Boston,42.36958205930013,-71.03434043711887,Private room,75,3,12,2017-09-29,2.47,1,154
12233225,❤️ AIRBNB HOTEL #6,25938928,Ricardo,,East Boston,42.36731306063387,-71.03878924844201,Private room,30,1,110,2017-09-20,6.07,9,122
3965492,Minutes to Boston-Near Beach 69-2,20551003,May,,East Boston,42.38643348228516,-71.00414611612763,Private room,58,1,37,2017-09-17,6.17,8,69
14255219,"Private room 3 mins to T, 5mins driving to airport",66377071,Hector,,East Boston,42.366904603169814,-71.03768084507143,Private room,46,1,88,2017-10-03,6.18,2,36
1147871,Room in Boston Fantastic Location ,1407005,Izzy & Joanne,,East Boston,42.37761183980079,-71.03519757648782,Private room,105,1,356,2017-09-19,6.68,4,83
10945407,4 bedrooms apartment Unit 2,51354463,Andy,,East Boston,42.389681729252764,-71.00471442388962,Entire home/apt,230,3,9,2016-10-01,0.53,2,35
14565888,Cozy apartment,90216774,Yana,,East Boston,42.38068481931624,-71.02770466926833,Entire home/apt,140,1,24,2017-08-17,3.51,5,340